scrambles,move0,move1,move2,move3,move4,move5,move6,move7
FU'F2RFURF'R'U'F2,F,U',R,U,R',F2,U,F'
FR2UF2U2FR2U2R2UR2,R2,U',F',U2,F2,U',R2,F
F2R2F'RU'FRF'RUR,R,U',F2,R,U',R2,U2,R'
R'UF2U'R'U'F2U2FUR,U2,F,R,U,R',U,F2,U'
R'U2RF2URF'U2F2U2F2,U2,F',R',U',F2,R',U2,R
RFRU2FU2R2F2U2FR,R',F,U2,F',U2,R,F',R'
R2F2U2RFUF2RU'F2U2,R,F',R,U',R2,U',F',U
URU2F2U'R'FU2FR'U,R,F,R2,U',R,F,R2,F
R'U'RF'U2R2F2R2F2R'F,U',R',U',F2,U2,R,F',U
U2F'UR2F'R2FR2FR2F2,U',F,R',F,R,F',R,U2
U'FR'U2R2F'U'FU'F2U,U',F,R2,U',R2,U',F2,U2
FU'F2R'F2RUF2RU'R2,R2,U',F,R,F',U',R',U'
R2U2F2R2U'R2U2F'R'U2F',F',R2,F',U,F2,R2,F',R2
F2R'U2RUF'U'F2U2RU',R2,U',R,F2,U2,R',F',R'
R2F2U2F2U'RUR2U2R'F,R',F',U,F',U,F',U2,R
RF2U2FR'F2RU2F'U'F,U',R,U,F2,R2,U,F2,U
F2U'F2R2URUF'R2F2U2,U',R2,F2,U',F',R',F,R2
F'R2UF2U2R2U'R2FUR,R',U,R,U2,R2,F2,R',U2
F2UFU2R2F'R2UR2U2R2,U,F',R',U2,R',U',R2,F
FUFUF2RUF'U2FU2,U2,F,R',F2,U2,F',U2,R
U'R2U'R2UF2U2R'U2RF2,F',U,R',U',R,F',U',F2
U'F'U2R'F'UFU'F2U'R',R,U,F2,U',R,F,R',U
F'UR2U'F'U'R'UFR2F2,U',R2,F2,R',F,R,U,F
RF2R'FUR'U2RU'R2F,F,U',F2,U',R,F2,U',F'
F'U'F'UFR2FUF'UR2,F,U2,R2,F,U,F2,R,U'
U'F'R2F'R'F2U2FU'R'U',U2,R',U,R,U2,R,F2,R2
U2FU'FR'F2R'F2R'UR2,U,F2,U,R',U,F',U2,R2
U'RF2R'F'U'R2U2F2U2R',R',F2,U2,F,R2,F,R,U2
F2U'FRFU2RU'R'FU2,F,R2,U2,F',U',R2,F',R2
RU'F'U'F'U'R'F'R2UF2,F2,U,R2,U2,R,F2,U',R2
R2UR'F2RF2UR'F2RU,U',F',R2,U,R,F,R',F'
R'F'RURF2R'UF2UR',U,R',F,U',R2,U',R',U'
FR2U'FU'RUF2U2RU',U2,R2,F,R',U2,R,F2,R
U'F2U'F2R'F2U2F'U'R'U2,U2,R,F',U2,R',U',F',U
RFRF2U2R2FR'F'R2U',R,U2,R2,F',R,F',R,F2
F'URF'R'F'U2F2R2U2R,F,R,U2,R,U',R,U',R
F2RF2R2U2F'RFU2R2F',R',F',U',F2,U',F2,U,R2
U'R'UF2U2R2FUFR'U',U2,R,F2,R2,F',U2,F',R
UF2RU2F'R2U'F2R'F'R',U,R,F',R',F,R',F,R2
U2F'U'F'URU'R'URF2,R,U2,R,F,R',F',R,U
F'R'F'U'R'FU'F'R'U'F2,F2,U,R,U',F',U,R',U2
U'R2F'R'URUF2U'RF,F',R',U,F2,U,F,U,R'
FU'R'U2RFRF'R2U2R,R,F',U2,R2,U',R2,U',F2
R2UR2FR'F'R2URUR',R2,F,U2,R,U',R,U',F
F2UF'UFR2U'F'RF2U,U',R2,F',R,U2,R,U',F
RFR2UR'U2FR'FR2F,U2,F2,R',F',U',R,U2,R2
U2RF2U'F'UF2U2F'R'U,R2,F',U2,R,U,R2,U,F'
RU2R'F'R2FU2RFUF,U,F,U',R,F',R,F,U
RFU'RUR'UF2U'R2F,F',U',F,R,F2,R2,F',U2
FR'U'RUF2R'U'RFU',U2,F2,R,F',U',R,F',U'
RF2U'FU'FUR2F2R2U,F2,R2,F,U,F',U,F2,R'
URUR'U2RF2UF2RU',U',R',U,R,U',R,F,U'
U'R2UR2F'U2R2UR'F'U2,F,U,R,F,U',R2,F2,U
RUR'FR2U2R2F2URF',F,R',U,R,F',R,F,U2
FR'F2RU2FR'U'R'UF2,F2,U',F,U,R,F2,U',F
U'RU2F2RUF'UFRU',U,R2,U2,F2,U',R2,U',R2
R'FU'FU2F2R'UR2U2F',U',R2,F',U,R',U,R',F
UR'FRF2R'FU2FU'F2,U,R,U,R2,F',U2,F',U'
UF2R2U2R'FR2F'R'F'U',U,R',F2,R',U2,R2,F,U'
U'F2R2UF2R'U2FRUF2,F',U,F,U,R',U2,R2,U'
R2F2RFU'R2UR2F'UR,F',U2,R,F,R2,F',R2,U'
R'UF2U2R'FU2F2U2F2R',R,U2,F,R,U2,F2,U',R
UF'RU'R2F'R'U2FRU',U2,F2,R,F',R2,F,R',U'
RUF2U'FR'U2RF2RF',U,R2,U2,F,U',R',U,R'
RF2U2RF'R2F2R'U2F2U,R,U,R2,U2,R',U2,R',U
R'U2FU'RF'R'U'R2F2R,F2,R2,F',U2,F',R,U2,R
R2U'R'FU'R2UR'F'RU',R2,F',R2,U',R,U2,R,F'
R2F2R2U'RU2FU2R'U'R',F,U,R,U',F2,R,F2,U'
R2F'U'R2F'U2R2U'R'F2R',R,F,R2,F2,R,F,R',U'
RU2FR'F'RF2U'F2R'F,U,R,F,U2,F,R2,U',R'
UR'URF2U2R'U2F'UF,F',U,R2,F,R2,F',U',F
R2U2F'U'R2UR2F2R'U'F,R,U2,F',R,F2,R2,U2,F'
R'FRF2RUFU'FRU2,R2,U,R,U2,R,U2,R2,F2
FURU'FUR2U2R2U2F2,F2,R2,U,F',U,R',U',F'
U2F'R'UF2UF'R'U2RU2,F,R2,U',F,U',R',U,R'
U2F2R'F2U'F2U2F'R2F2U2,U2,F2,U',R2,F,U2,F2,U'
U2RUF'U'RF'R2U2R'U2,R2,U',R2,F',U',R',U2,R'
U2R2F'RU'R2F2R2FR'F,U',F,U',F2,U2,F',U',F
R'URU'R'U2R2UF'U'R',U2,F2,R,F2,R',F',U',R'
F2RU'FU2R2U2R2F2UF2,R,F2,U',R,F2,U',R,F'
R'UF'RFRURUF2R,R,U,R2,F,U2,R',U',R
U'R2URF'R2F'RF2U'F',U',F',U,R2,U',F,R',F2
RF'U'FUF2U2F'UR2F2,F,R2,U,R',F',U2,F',U2
UR'FU2FU2RUF'R'U,U,F',U',R,U2,F',R,U'
FR2F2R'UR'U'F2RU'R2,R2,U,R2,U,R2,F,R,U'
FR2F2URF'U'RF2UR2,F,U',F',R',F,R2,U,F
F2R'F2U2F2R2F2RU'RF2,F2,R',U,R',F2,R,F2,U2
U'F'R2U'FR'FR2U'R2U,U,F2,R2,U2,F,U',R2,U'
F'UR2F2R'F2RFUF'U2,F2,R,F,R2,F',U2,R,U'
U2F2U2F'U'R'U2R'U'FU,U2,F2,R',F,U',R,F',U2
U2F2R2FRF'U'RU'F2R2,U,R,U',F',U,F,U2,F2
FR2F2U'RFUR2F'RU2,R,F',R2,F',R',U2,F',R2
RF2R'F2R2U2FU'R'FU2,U,F',R,U,F',U2,R,F2
F'R'UR'UF'RF2U2R'U,F',R,U',F2,U',R',F,U'
R'UF'R'U2FR'UF2RF2,U,F',U2,R2,U',R',U2,R2
F'U'RF'R'FRU'FRU,R2,F,R,U',R2,U',R2,U
RFU2RF'R2FR'FR2F2,R2,F2,U',F',U2,F',R,U
FU2RU2F2UR'URF2U2,U',F,U',R',F2,R,U2,F
R'U'F'U2RU'F'R2U'R'U',U,F,R2,F',U,F',U',F'
U'R2FRU'R2F'U'FU'F2,F2,U2,R,F',R',F,R',U
UR2UFRF'RUR'F2U',R,F,U2,R2,U',R2,F,R'
RU'F2U2F'R2U2FR'U2R',U',R2,U',R,F',U',R',U2
UF2U2RF2R2U2F'RFR2,R2,F',R',F',R2,U2,R',U
R'U2F'RUR2F'U2F2RU2,F,R',F,R',U2,R2,U',R
RU'F'UF'R2F2UFR2U,R',F,U2,F,R',U,R',F2
R'F2U2F'UR'U'F'R2U2R2,U,F2,R',U,F',R,F2,U'
F2RUF2RU2R2U'R2U2R2,R,F2,R2,F,R2,U',R',F2
F2U2R2U2FR2FUR2U2F',F,U2,R2,U',F',U2,R2,F'
U2RFR2F2RF'UR2UR,R',F',U,F2,U',F',U,F
U2RURUR'U'FR'FR2,R2,F',R,F',R',U',R',U'
R2F2R2FR'FR2U2R'F2U,R,F',U',R2,U2,F,R',U2
F'RF2U2R'F2U'FR'UF',F,U2,F2,U,F',R',F',U'
F'URU'F'U'F2UR'F'R',R,U',R,F2,R',F,R,F2
U2FR2U2R2URU'R'U'R2,F2,U',F2,R',U2,R',U,R2
U'F'U'F'U'RUR2UR'F',U',R',F,R',F',R,U',R'
R2FUF'U2RURU'FR,R2,U',F',U2,R,F',R,F2
R2U'FR'F2R'FR'F'R2U',U2,F',R,F2,R',F2,R2,U'
U2F'U'RU2RF'UFU2R,F,R',F2,U2,R',U,F',R'
U'RF2U2R'FR'FU'F'R,F,U',F',R,F',U',R2,U'
R2F'RF'U'R'F2U'R'FR2,R',U,R,F,R',F',R2,U2
FURU2F'R2UF'RF2R,F,R,U2,R',F,R',U2,R'
R'U'R2FU'FU'F2U'RU2,F2,U2,F,R',U2,R2,U',R'
R'U'F2UF'R2FU2FRF2,U',F,U2,F',R',F2,U,F2
FR'UR2U2F'UF2R2U2R2,U,R,F',R,U,R',U2,F
UF2U2F2R'UF2UR2UF2,U,R2,U,R2,U',F2,R',U'
F'U2FU'R'U'RF2U2FR',U',R',F2,U,R2,U,F2,U2
F2UFU'RU2F'U'FUF',F',U,F,R2,F2,U,R',U2
R'U2RU'FR'F'UR'U'F,U',F,U',F2,R2,U',R',F
UF'R'FR2U2F2U'F2R'F2,U,R,U2,F',R,U,F2,U'
U'F'UR'FU2RF2RF2R,R',F2,R',U,R',F2,U',F'
U2FU'R2U2R'U'R'F'U2R',U',R,F2,R',F',R2,U2,F'
UF2R'F'RF2U'F'RF'U',F,R2,U',F',R,F,R,U
U'R2U'F2U'F2UFRU2F,R,U2,R,F',U2,F',R,U2
F'URU2RF'R'U'RF2R2,R2,F2,R',F',U2,F',R,F2
U'R2U2RF2R2U'R2F2U2F2,F2,U2,R2,U',R',U2,R2,U'
R'F2U2R2U2F2UF2R'UR2,R2,U',R,F2,U',R2,U2,R'
U2R'F2RU'R'U2R'F'U'F2,F',U,F2,R2,U',R',U2,R
R2UF'R'F'R2UR2UF2R',U',F',R,F',R,F2,U,R
F2U2R2URFU2RFRF2,U2,R2,F',R',U2,R',F,R2
F'RU'FUR'F'U2RUF2,R2,U2,F,U,F2,R',F,U'
FRU2F2R2U2R'U2R2FR2,U2,R2,F,R,F2,U2,R,F'
UR2F'URFUF2RU2F,U',F',U',R2,U',F2,R,U'
F'U2FR2F'U'R2U2R2F'R',U',F2,R2,U,F,U',R2,F2
RU2F'U2FR2F2RU'FR,U2,R',F2,R',U,F2,U',F'
F'U'RFU2F2RU2R'U'R,F,U2,R,F2,R2,F',R,U2
R2F'R'F2U2R'UR'URF,F,U',R',F',U2,R,F2,R
U2F'U'F2R2U2R2F'RUF,R2,F',U,F',R,F',U2,R'
U'RF'R'U2F'U'R2F'U2R',F',R,U',R',U',F,R',U
F2U'R'F2RFRU2FUF,F2,U',R',F2,R',F2,R,F2
R2U'F2R'U2RFR'UF'R',R,F,U2,R',F,R2,U,F
F'U2FR'F'R2F2R'U2FU',F,R2,F,U,R,F2,U',F2
R2U'FR2U'R2F2U'F'UF2,F',U,R',F,U,F',R',F'
R2UR2F2UF'U2FRUR2,U2,F,R2,F,U2,F',R,U2
R'F2R'F'U'F2R'F'UF2U',F',R,F2,R2,U,R,F,R
U'F'UFU2F'U'F'RU2R,F,R,U2,R2,U',F2,U',R'
FU'FR'FRUR'UR'F',F',U2,R,F2,R,F',R2,F'
R2F2U'F2R2FR'URU'F2,F2,U,R',U',R,F,U',F2
R'F2U2R'U'FRUFUF,F',U',R,U',F',U,F2,R
F'R'U'F2RF2U2F2UFR',R,F',U',R,F2,U',R,F
F2U2FU2RUF2R2UR'F',R,U',R,U2,F2,R,F,U
R'FUR'FRF'RUF'R,U2,F,R,U,R',U,R,F
R'URU2RFU2R'F'R2U',R,F,R',F2,U',R,U,R2
F'R'F2RU'FR2F2U'RU2,F,R2,U',F2,U2,R',F',R'
RU2R'UR2FR2F2R2UF,F,U,R',U2,F',R,F2,R'
R'F2U2R2F'U'F'RU2R'F,F2,U,R,U',R2,F,R',U2
R'U'RUR'F'U'F'URU,R,F',U',F2,R,U,R',F'
R2F'R'F'UF'U2R'F'UF2,F2,U',F',U',R2,U',F',R
R2F'U'RU'R'U2R2U2F'R2,R2,U',F2,U,F2,U,F',U2
RF'U2F2R'UF2R2F'U2F2,U2,R2,F2,R,U,F2,U2,R
F2R'FR2UR'UF'R2U2R,F2,R,U',F,U,F2,R',U2
U'F'RF'UR'FURFR',U,F,R',F2,R2,F',U',F2
UR2U'RU2R2U2FR2U'F,F',U',R2,F,R',U,R2,U'
R2U2F2U'R'URFR'F2U2,U',R2,F',U,R',F2,R',U
RF'U2F'R'U2F2URUR2,U',R',F',R2,F',R,F',U'
F'R2U2R2U'F'UF'URU2,R2,F',R',U2,F,R2,F,R
RF'R2F2UR2UR2UF'U',F,U2,R,U2,R,F2,R,F'
F'RUF2R2U'R'FU'F'R2,F',R,U2,R,F',R2,U2,F2
R'U2F2U2RF'R2U'RF'U2,U2,R',F2,U',F',R',F2,U2
R2U2R2U2FUR2UFRF',U,R,F,U',F,R,F',R
FR2F2U'R2UR2U'R'F'R,U2,R2,U',R,U2,R,F,U
FU2FUFU2F'R'F2R'F2,F',R,F,R,F',U2,R,F
FR'F'U'R2UFU'FR2U2,U,F2,R2,F',R2,U,R',F2
R'FRUFR2F2UR'UR2,F,U2,F2,R',U',R,F',U
FR2UF'UF'R2UF2U2R,R,F2,U2,R2,F,R,U2,R2
FU'F2U2RU'R2FUF2R',R',F,U,R',F2,R',U2,R2
RU'R'URUF2R'F'R'F2,F',U',F2,R',F,R2,U',R2
U'F'UF'U2R'U2RFU'R2,U2,R,F',U',R2,F,U',F'
F2R'F2R'F2U'F'UF2UF',F,U2,R2,F',R2,F,R',U'
U2F2R'F'RF'R2F2U'R'F2,U,F',U',R',F2,U',R,F2
U'R2F'R2F2RF2RU'R2U2,F2,U',F,R',U,R2,U',R2
FR2F'U'FR'F2U'FU2F,F,U',F2,U,F,U2,F,U'
U2RU'R'F'RU2FU2R'U',U,R',F',U2,R',U2,F',U'
R2UR'UFRUR2F2RF2,F,R',F',R,F2,U',F',R'
R2F2R2UR'U'F2U'FU'R',R2,F',U,R',F2,U2,F',R'
RF'U2R2FRFR'U2R2F2,R2,U2,F',R',U2,R,U,R2
U2R'U2RU2F'URU'R'U',U,F,U',F,R',U',R',U
R2U'F2R'U2F2RUF2R2U',U,R2,F',U,F,U,R',F
U'F'UFR2F'U2F2U2R'U2,F,U2,R',U2,F,R',U',R
U2F2R2UF'R2F'URF2U,F,R2,U,R',F2,U,R,F
U2R2URUR'FU'RF2U2,U',F,U',F,R',U',R2,U'
RFRU2F'U2R2U'RF2U2,R2,F2,U',F',R',U2,F,R2
R'F2UFU'FRU'FRU,F,R2,U,F',U,R,F2,R
URU2FR2F'R2FR2U'R',U2,F2,U',R,U,R',F,U2
F'R2U2F2R2F'U2FU'R'U,F,R,U',R,U',F2,R,F2
R'URF'U'F'R2U2F'U2R,R2,U2,R',U',R',F,U',R
R'F2R'U2FR'F'R'FU'F',R,F2,U,F2,U,R',F2,U
R2F'RU'F'R'U'R'F'U'R,U',F2,U,R2,F,U',R',U'
R2U'FURU2F2R'U2R2U',U',R2,F2,U,F',U,R2,U2
RFR'FRF'U'F'U'FU2,U',R,F',R',U,F',U',F
F'RF2U'F'R2U'RFU2F',U',R2,F2,R,F',R',F,R'
F'R'U2RF'RF'UF'UR,U',R,U,R,U2,F2,U',R'
R'U'RU2R2UR2F'U2F'R,U',R,F',U,F2,U,R',F
RFR'F'UR2UF2UF'U,F2,R,U,R,U,F2,U,R2
R'FU2FRFR2URFR',R,U,F2,U2,F,R2,U,R'
UFUR2U'R2U2RU'FU,U',F2,R',F,U2,F',U',R
FU2R2UFR'UR'U2RU',R,F,U,R2,U,R2,U,F
F'U2FRU2F2UR'F'R2U',F2,R',U',F,U',F',U,F
F2U2R'F2UR'U'R2UF2U',R',U2,R',U,R2,U,F',R'
U2R2F2R2F2R'F2R'U'F2R2,R2,F2,U,R,F2,R',F2,U2
FRU'FR'FRU2F'R2U2,F2,U2,F,R,F2,U',F2,U'
F2RFR'F2R2FR2FRU,F2,R,F,R,U',F2,U,R2
UR2F2UFR'U'F'UF2U2,U2,F2,R',F,R2,U,R,F
U2F'RF'R2F'R'U2R2U2F',U2,F2,U',F,U2,F,U',R2
F2R2F2U'R'U2RUFU'F,R2,U,R',F,U,F2,R2,U'
RFR2FUF2U'R2F2U2F',R2,U',F,R',U,R2,U2,F2
RU2R2U'R'FR'U2R2FU',R,F,U2,F',U2,F',R2,U
RURF2UR'U'RF2R2F,U,F',U',R,U',R',U,F'
FR2FUF2RFUR'UF2,F2,U',R2,F,U',F,R,U
FR'FU2R'F'RU2RUF,R2,U2,F',R,F,U',F2,U'
U'R'F'U'F2R2F2R'U2F2R2,R2,F',U2,R,F2,R,F',R'
RFRFU'F'U'R2UR2F',U2,R',F2,U,R',F2,U',R
RUF2R2U'F'R2F2R2UF',F2,R,U',R,F',U,F2,U'
R2U2R2F2R2UFU2F2UR,R',U,F2,U2,F,U,R2,F2
U'RU'F2U2F'UF2RFR2,R',F,U,F2,R',U,F,U
UR2FURUR'F2R2U'F',F,U',F2,R2,F',R,U,F
FR2FU2R'UR2U'FR'F2,R',U,R',U2,R,F2,R2,F'
U2R2FUR2F'RFR2FR2,F2,R',F,U',R',F2,U,F
R2UF'RF2U'F'U'R'U'F,U',R,U,F',R,F',R2,F
R2UFURU2R'U2F'UF,U,R,U,F,U',F',U',R
F'R'FR'U2RU2RUF'U2,R,F2,R2,F',U,R',U,R
U2F2UR2U2R'U'R'U2F'U,F',R2,F,R,F',R,F2,U'
FR'FU2R2F2R2U'FUF',F2,U',F',U2,F',U',R2,U
RU2F2R'FU2RF2URF',F,R2,U,F',U',F',U,R'
F2R2FR2F'UF'U2F2U'R',U,F2,U,F',R,U',R2,U'
R2U2FR'U2F'UR2UFR,F,U',R2,F,R,F,R',F
U'R'U'RU'R2FUF2R2F2,U,F2,U',R,U',F',U,R'
U2RU'FU2R2U2F2U2FR',R,F',R,U',R,F,R2,U'
R'F2UFR2U'FUR'UR,R,F,R2,U',F,U2,F',U2
FU'F'U'R'U2FR'UF'R',U,F,U',F2,R,F2,R,F'
F'R'FR2F2U2R'FRF'R,R',F2,R',F,R',U,R2,U'
R2F'R2UR'F2R'F2UF'R',F,U,R2,F',U',F,U2,R2
U'R2F2R2U'FRFU2R'U',U,R,U2,F',R',F,R2,F2
FU2F'U'F'R2U'F'R'FU',U,F',U,R,U',R,U,R2
UR2F2U2R2F'R2F2UF2R',R',F2,U,F,R2,U2,F2,U'
FRUF2U'FR2UF'U2F,U2,R2,F2,R,U,R',U2,R
R2F2U'FR'UFRU2R'U',F',R,F2,R2,F,U,F2,R2
RF'U2R2U'F'R2U'FU2R',U',F2,R,U',F',U2,F',U2
U2F2U'FU2R2FRUF2R,F',U2,F',U,F',R,U2,R
F'RF2U'FU'RFUF2R',R,F,U',F,U2,F,R2,U2
F'U2R'F2R'U2RF2U2R2U',U',F2,R,F2,R',F2,R',F
F2R2FR2UR2UF2UF2R2,U',F2,U',R2,U',F,R2,F2
R'UF'RF2UR2F2U2R2U,U,R2,U',F2,R,F,U',R
U'R2F2RU'FURFUF,U',F',R2,F,U',F,R2,U2
U'R2F2R2FU2FU'F'UF2,F,U,F',R2,F2,U',R',U
U'R'U2F2R'U'F2U'F2U'F',U',F2,U,R',U2,F2,U',R'
F2U'R'UF2UFUF2U2F2,U',F',U',F2,R,F,R2,F
R2F'RUR2F2U2F'U2F2R,U,R2,F2,U2,F',U2,F',R2
F'R'U2F'U2F'R'U'F2U'R,F',R',U2,F',U,F2,R',F'
U2R'F'RFURFRF'U',U,F,U',R',U,F',R',U
R'U2F'RFU2R2U2R2F2U2,R2,F2,U2,F,R',F,U2,R
RU'R'U'R'U2FR'FU'F2,F2,U,F,U',R2,F',U2,F'
F'R'F2URF'RURFU',U',R,U,R,F2,R2,U',F'
F2R2F'RFU'FRF'R2F2,F',R2,U2,R',F2,U,R',U
FU2FR2UF2R2U2RU2F,U,F,U,F',R',U2,R',F'
R'U2F'UF2R'U'F2U'R2U',R2,F2,R,U2,R,U',F2,R2
FRU'F'R'UF2U'F2U2R2,R',U,F,U',F,R',F2,U
U2R'F2R'U'F2URFU2R,R',U2,R,U2,R',F,R,U2
FRFURFR'F2RF2U2,U2,F',U,R,U',F2,R,U
F'U'R2UR'F'RF'U2F'U',R',U',R2,U',R,F,R',F'
UFU2R2UFU2R'F2R'U',F2,R2,F',U',F2,U,F',R
U2R'UFU2F2U'R'UF2U2,F',R',F,U2,F',R2,F,U'
RUR'URU2FUFU'R2,R2,U2,R,U2,F,R,F,R'
F2RU2RUF2U2R'F2U'R2,F,R2,F,U',F',U,R,F'
U2F'RF'R'FU'R'U'F'R,U',R2,F',R',U',R',F,U2
FR2U'F2R'UF2U'FR'F2,R,U2,R',F2,R',U,F,U2
URFU'F2R'F2RU2RF,F',R',F,U,R',U',R',F
FU2F2R2F'RU2F2UF2U2,R2,U2,R',U2,R2,F',R',F'
F'R2U'RFU'FR2UFU',F',R2,F',R',U2,F',R2,F
U'F'R'F2U'R'U'FUR2F',F,R2,U',F2,U',R2,F',R'
R2U2F'R'U'R2F'R2F2R2F2,R2,F',R2,U,R,F,U2,R2
UR2F'U'RU'F'U'R2F'R,U2,R',F,U',R',U',R',U'
U2RURUFU'F2U2RF',U2,R,U2,F,U2,F2,R,U'
U'RU'R'F'U'R2U2FRU,F,R',U',R',U,F2,R',U
U'RFR2FU'FUFRU',R',F',U,F2,U',R2,F',U
R'F2R2U2F'R2F2RU'R'U',F,U2,R2,U,R2,F,R2,F
UR'U2RU2F'U2F2U'F2R',F',U',R,F',R2,F',R,U2
F'RF'R'U2RF'U2R2F2U,R2,F',R2,U,F',R,U',F2
FR'URF'R'F'UFR2U2,U2,F,U,R,U2,R',U,R2
U'R2UF'UF2R'FRU'F,F,U',R',F2,R2,F',R',F2
RFUF2RU2F'R2F2UR',U',R',F',R,U2,R2,F2,R'
FU'R'U'RF2U'R'U'R2F2,R',U,F',R2,U2,F,R,F
F2URU2RU2F2U2F2U'R2,U',F2,R2,U',R',F,R,F
U'FRF'U'R'U'R'U'F2R2,R2,F,U,R2,F,U2,F',U
F2UR2FU2R'F'U'F'UF,U,F,U2,R2,F,R,F,R'
UF'RF2U2F2R'U2R'FU2,U2,F',R',F2,U2,R2,F',U'
R'F'UFU2FR2F'RU2F',U',R',F,R,U2,F2,R',F'
UF2U2F'UF2U'F2URU',R',F2,R,U2,R',U,F2,U
F'RF'U'F2R'F2RU'RU,F,U2,F,U,R2,F2,U,F
U'R'F2R'U'R2U2F2RF'R',F2,U2,F,R,U,R2,U,R'
RU'FURFU'R'U'FU2,U2,F',R',U,R,U,F',R2
RF2RU'R'U2R'F2U2FU',U',F2,U,F2,R,F',R2,U'
R2UR2U2F'RU2RU2R2F2,R,U',R',U,R2,F',U',F2
U'RUR'F'UF2R2FU'F',F,U2,F,R',U,F2,R2,F'
R'F2R2F2UF'U2RF2U2R2,R2,U',F2,U,R',F',R',F'
R2F2R'UR2UF'R'FR2F,F2,R',F,U2,R2,F',U,R
R'U2R2F'R'F2UFRF'R',R,F2,R,U,F',U2,F,U
F'U2F2UFR2U2R'UR'F2,U,R,U2,F',R2,F',R,F
FU'R'UR'F'U2FU2F'R,U2,R,U2,R2,U',F',R,U'
R'UF'R'FU2RUFU2F,R,F2,U',F,R',U2,R2,U'
R'FUR'FU'R2F2R'FR',U2,R',F,R',F',U,F',R'
UF'UR2F2UF2R'FR'U',F',U',F,R2,F',R2,F,R
F2RF2U'RF'R'U2F2R2F',R',U,R2,U,R',F2,U',F
F2UFR2F2RF'R2F2UF,F,U,R',F,R',F2,R',U2
R2U2F2R'F2UF2R2FU2F2,F2,U2,F,U',F2,R,F2,R2
R2F2R2F2R'FR'FR2FU',U,F',R2,F',R,F',R',F2
F'UF'R'U'FRUF'RF2,U,R2,U2,R',U',R2,U',R2
FR'U'F2R'F'U'FRF2R,R',U,F',R',U',R,U,R2
U2RFR2FURURU2F',F',R,U2,R',U2,F',U',F
R'FR2U'R'U2F2UFU'R,F',R,F2,R2,U',R,F,R'
RUR'U'F'R'F'U'R2FR',R,F',R2,U2,F,R,F,R'
R2F2R'U2F2RFR2URU,R2,U2,R',F,R',U2,F,U2
R2F2U'R'U'RF2RUF2R2,U,F',R,F2,U',F',R',U2
R'FR2F'U2FRU2F2R2U,U2,F',R,F2,R',F2,R2,U
R2U'FU'RU'FR2FRF,R2,F,R,U',F,R',F,U'
URF2RU2R'UR2U'R2U2,F',R,U,F',U,F,R2,F2
R2F'U'RUFUF2R2UR,R,F2,R,F',R',U',F,R2
F'URFU'F'R'F2UR'U2,U2,R,U',R,U,R',U',F'
R'UR2UR'UFU'R'UR2,U',R,U',R',U,R2,U2,F2
FR'FR2F'R'U'FR2FU,U',F,U2,R',F,U,R,U'
UFU'R2U'FU2FR'FR',U',F',R,U',F2,R,U',F
FUFU'R2U'F'UFR2F',R',U',R,U',F',U',F2,U
U2R2U'FRF2RURF'R2,R',F2,U,F',R,U,R2,U2
RF'R2F'R'FR'F2UF2R',F,R2,U',F2,U',F2,R,U2
U2F'U'F2UFURUF'R',R,F,U',R',F,U2,F',U
U2RF2R'FU'F'R'F'U'F',F,R',F2,R',F2,U',R',U2
RF2UFRF2RFR2U2F,U2,R,F,U2,R',F2,U',F
U2R'U'R'F'R2F'UR2U'F2,F2,U,R',U,F,U2,F,U2
R'UF'R'F'R'F'U2RU'R,R2,F',R',U2,F,U,R2,U2
RF'U2R'F'U2R'UFR'U',R',U',R,U,R',F2,U',R
R2U2F'U2R2U'FRU2RU2,U2,R',U2,R',F',U',F',U2
U'F'U'F'UFU2R2U2R'U,U',F,R,U,R',F,R',F'
RU'RFRF2R2UFU'R2,U,R,U',F2,U',F',U',R2
U'R2F2R2F'RF2UFRF',F2,U',F,R,F2,U,F2,U
U'R2F2RUR2F2RUFR',F,U2,F',R2,F,U2,R',U
U'FRU'R'U'R'FRF2U2,U',R2,F,U2,F',R2,F',U
R2U2F2U2R2U'F'UR'U2R,R',U2,R,U',F,U',F2,U2
U'F2RFRUFR'U2R2F,U,F',U',R',F',U',F,U'
F2U'R2URUF'URF2R,R2,U',R2,U,R',F,R',U'
R'U2F2RURF2R'F'R'F,F',R,U',F',R2,F',U2,R
F2U2RUF'U2F2UR'U'F,F2,U',R',F',R',U,R,F'
F'U2F2R2F'R'U2R2F'RU,F,U',F2,U',R2,F,U',F'
F'U2F2U'F'U'F2URU'R,F,U2,R,F',U',R2,U,F'
R2F'R'FR'F'U'R2F'U2R2,R,U2,F',R',U',F,R',U'
R'U2F'RFR'U2R2F'R'U2,U',F',U,F,U,R',F,R2
F'U2R2F2U'RU'F2U'F2R2,F',R',U',R,U',R2,U',R'
F'R'F2U2F2U'R2URFU,F2,U',R',F',R',F2,U2,F'
R'U2F2U'R'FRURU'R',U,F2,R,U2,R',F2,U,R
R2UR'FU'R'U2F2R2U'R',F,R2,F,R2,U',R,U2,F'
U'F2UF'U'FU2F2R'F2U2,F',R2,U,R,U2,F',U',R'
URF2UR2U2RFRF2U2,R,U',F,U',R',U,F2,R2
R2F2UR'UR2U'R2U2R'U,R,F',R,F',U',R2,U2,F'
R2U'F2UR'U2R2F2R2FU,U2,R2,U,R2,F',U,R',F
UR2UR2U2F'RUR'U'R,F',U',F2,R',U,R2,F,R'
F'R'F2U2F2U2FR'U2R2F',U,F',R,U,F,U,F',R2
U'RF2U2R'U2F2U'FR'F,F',R,F',U',R',U2,R',U
F'U'FU2RF'R'F'U'FU',F',U',R,U2,R,F',U',F2
U2FR2FRU2FR'FU2F',U',R',F,R2,F,U2,R,F2
RF2RU'F2R2U'R'U2R'F',R2,U,R',F',U',R2,F',R2
FR'FRU2F'U'FRF'R,F,U,R2,U',F,U,F',U2
FRF2R'FR2F'RU'FU,R',F',U',F2,R,F,U',R
R'U'R2FRFUR2UF2R',R2,U2,F,U',F,R',U,R
URF'R2U'R'F'R2URU2,U',R,U',F,R',F',U',F
U2F2R'FU'RF2RURU,R,F',U',R',U',R,F',U
UR2F2UF'U'R2U'F'RF,F2,U,F2,U,R,U,R2,F2
RFU2R2U2RFRUF2R',R,F',R,F,R',F2,U,R
R2F'U2R'F2R2U'F2R2U'R,R',U,F2,U',R',U2,F,R2
R'U2F2U2R'F'RU'F'U2F,F',U,R',U',F,R,U',F2
R2F2U2R'F'R'F2R'F'R'U2,F2,U',R,U,R2,U,R,U
UR'U2F'U2FR'UF'UF2,F',R,U',F2,U',F',U,F2
F2U'R'F2R2F'RF'U'FR2,U2,F,U,F',R2,F',U2,F
F2R2U'RUR'F'UFUF,F',U2,R',F,R,F',R2,F2
UF'U'FR'U'R2FUF'R2,R2,F2,U',R',F',R2,U,R
F'UFU'F'U'F'R2UFR,U,F',R',U,F2,U',F2,R'
U2RF'U'RF2U'F2UR'F2,R2,U2,R,U',R,U2,F',U'
U2FU2RUR2F'R2U2F'R',U2,R2,U,F',R2,F,R2,U
UR2F'UR2F2R2FRF2U',F2,R,U,R2,U,F',U,R
U2RU'FR'U'R'F'U2R'U,U',R,U2,R2,F2,R,F,U'
FUFU2RUF'UR2F2R2,U,F,U2,R',F',R,U',R'
FU2F2U'F'UF'URU2R',U2,F2,R,U2,R',U,F2,U
R2F2RF'U2R2F2U2R'FR',F,U',F,R2,F2,U2,R',F
R'U'RU2R2UR'URFU,R2,U',R',F',R2,U2,R',U
RU2RFR'U'F'R2F2U'F2,U,R2,F2,U2,R',U,F,U'
R'U2R'F'U2F2UF'UR2U',U2,F,U2,R,U,R2,U',R
U'FRUFUF2R2U'F'U,U',F,R2,F',U2,R,F',U2
U2RFR2FU2R2U'F'R2F2,F,U,F',R',U2,F,U',R
R'F'U'F2R'U2RU2R2U2F',U2,R',U2,R',U',R,F,U
URUR'F'R'U'R2F2U'R',R',F2,R',F,R,U,R',U'
FR'FUF2U'F2R'FUR2,F,U,F',R',U,R',U',R
F2U2FR'U2F'R'F2U2R2F',F',U,F',U2,F',R',F2,R2
U'R2U'RU'R2FR'F2U'R2,F,U2,F',R2,F',U',F,U2
F'U2F2UF'U'FR2FR2U',R,U',F2,R,U',R,U,F'
F'UF2R2UR2FR2U2R'F',U',R2,F',U',F,R2,U',F
R'UF2R'F'URF2RU2R,R,F',U2,R2,F',R,U,F
F'U'R2F2UR2FU'FU2F,F',U',R2,F,R,F,U,F
U'F2U2FUR2UR2F'UF',F',R2,U,R2,U',R2,U,R'
R2U2FR'U2R'F2U2F'UF2,U2,F,R',F,R',F',R2,F2
U'R'F2RU'F'RFU2FU,F2,U',F',R,F',U,R',U
U'R2F'R2UF2RF2U'F2R2,F2,U,F2,U2,F,U2,R,F2
FR'UFR'UR'FUFR',U',F2,R',F,U2,F,R2,F'
F'RU'RF'R2UR'U2R'F',R',F2,R',U',F',R2,F2,R'
R'F2R'F'U'R2U'FU'FR2,U2,R,F',U',R,F,R2,U'
FR'U'R'F'R'U'F2R'U'F',F,U,R,F2,U2,F,R,U
FR2F2U2F2R'F'R'UR'F,R,F',U',R,U',F',U2,F
R2F'UFR2F'U'RU'R2F,F,U2,R',F2,U,R',U,R'
RU'R2F'UF'U'RF'R'F',U',F',R,U,R',U,F',R
F2U'R'FU'R2UR'F'R'F,F',U,F2,U',F,R2,U,F2
F2RU'R2FU2R2F2RF2R',R,U,R2,F',R,U',R,F'
F2U'F2R'U2F'UFU2F2R',R2,F2,U,F',U,F2,U',F2
FR2U'FR'FU'FR2U2F,U2,F',R,F',R,U',R',U2
F'R'F2R'F2UR'U'RF'U,U,F2,U,R',U2,F,U2,R'
U2FRFUF'U2F2R2F2R2,U2,F,U2,R',U2,F,R',U'
F2UR'F'RFRU2R2U2F,U2,F2,R2,U',F,R,F,R
U2FRURF'R'F'R2U2R2,U2,R,F2,U',F2,U,R2,U2
R2U'F2UF'U2F'RU2R2F2,U,R,U2,R,F,R2,U',R2
U'R'F'R'U2R'U2FR2F'U,U',F,U,F2,R2,F',R',F'
U'F'U2RU'RURU'R2F2,F2,U,R',U',F,R2,U,R
U'R'U2RF'RU'R2UFR,U,F2,R,U,F2,R2,U',R'
UFR'U'F'RF2URF'R2,R',F,R',U2,R2,F',R',F2
U2FU2R'U2F2UFUR'F',U',F,U',R2,F,U2,F2,R
RU'RFU'R'FU'R2U'F',F2,R,U2,R,U2,R',U,F2
F'RF'UF'U2R2UF2R'F2,U',F2,U',R2,F,U',R2,F
R2U2F2R'U'F2UF'R2F'R2,F',U2,F',R',F,R',U,F
UF'R2U2R'UR2FU2F'R2,R',F2,R,F2,U',R',U',R
R2F'U'RU2FR2F'RUR2,F,U2,R,F2,R,U,F2,R'
R2F'R'F2U2R'U'FRF'R',R2,U,R2,U,F2,R,F',R2
R2U2FR2FUR'U2R2UR',U,F,R',U,F2,R,U',R2
F'U'F'R'F2U'R2F2R2F'R',R,F,U',F2,R',F,U,F
U2R'F'R2U'FU'FU'R2U2,R,U2,R2,F2,R',U',R,F'
RU2R2U'R2F2URF'UR,R,F',R2,F',U,F2,R2,U'
R'FRURF'R'F2U2FU,U',F,R',F2,U,F',R',U'
UR2FR'U'F'U2R2URF,U,F',U,R2,F,R',F,R2
U2F2RF2UF'U2F'R'UF',F,U2,R',F,U',F',R',F
UFU'R2F'U'FUFUR2,R2,U',F',R2,F,R,F2,U'
RU'F2RF'R2U2R'UR'F,F',R2,U,R,F',R2,F',R
U2F2UFRF'RU2R'UF2,F',U',F,U',F',R,F2,U'
F2UR2UR2FRURU'F2,F2,U2,R2,F',U',R',F,R
R2UFRU2R2URU'FU2,U',F,U,F',R,U2,F',R'
R'F2U2R2F2U2R2FRFU',U,F',R',F',U2,R2,F2,R'
R'F2U'R'F2R2F2UF'RF',U2,F2,R',F',R2,U,R',U'
R'U2R'U'R2U2F'UR'UF,U,F2,R',F',U2,F',R',U
F2RU2FR2F'R'F2R'FU,F2,U',R',U,F2,R',F',R2
U2F'R'U'FR'U2FUR2F,R,F,U',F2,R',U,R2,F
F'RUR2U2RF'UF'RU',U',R2,F2,R,F',U2,R2,F2
FU'F'R'U'FR'URUR',R2,U,R',F',R,U,R',U'
R'FRF'R2F2U'RU'F2R2,R,F',U,F2,U',R,U',R
RU2R'UF2UF2R2F2R'F,R',F,R2,U2,F',U2,F2,U'
U'R2F2U'FR'U'F'RUR2,F,U2,R,U,F',U2,R,U
FR2FR2U2R2U2FR2UF2,F2,U,R2,F,R2,F',R2,F'
RU2R'URF'R'F'U'F'R',R,U',F',U,F',R,F,U
U2R2FR2U'F2U2F2R'F'R2,R2,U',R',U',F',U,F2,U'
RU'F2R2U'R'U2F2R'U2R',F,U,R2,U2,R,F,U',R
F2R2F'U'FU'RU2F2RU2,R,U',R2,F2,U,F,R,F'
FU'FU2F2U'FR2U2F'U2,R',F,R',U,F,U2,F2,R
U'R2UF2RU2R2UFRU',U2,F',R',U,F,R',F,U
U'R2UFRFRU'RF2U',F,U',F2,R,U2,R,F,U2
U'F2U2RU2R'FR'F2U'F',R2,F',R,F',R2,U,R,F2
R2U2RF'R'F'UF'R2F2R,U2,R',F,R',U2,F,U,F2
FUF2RFRFU'RU2F',F,U',R,U,R2,U',F,U
FU'R2U2F'RFU2F2U2F2,U2,F,R,U2,R2,F',U',F'
FR'U2F2RU2FU'FUF,U,R,U',F2,R2,F',R',U'
RURU2F2R'U'F2UF2U,R',U2,F',R,U',F,R',F
U2F'R2F2U2RF'R'F'UR',R,U2,F',U,R2,U',F2,R
U'R'URUR2F'U2FUR,F,R',U,F,U',R2,F',U'
R'U'R'FU'R2U'RF'U'F,F',U,R',F,U,R2,U,R2
R2F2R'U2F'R'UR2U'R2U',F,U',F',R',U',F2,U,F2
R'U'R2FU2F2URF2RF',R,U2,F',R,U2,F',R2,U'
RF2U2F2UF'RU'F'R'F2,F,U2,R',U',F2,R',U2,R'
FU'F2UR'U2R'F'R'UR',U2,F',U',F2,U2,R,U',F'
F2R'U2F'R2F'R2U'RFU2,U',R,F',U',F',U,F2,U2
FUF'UR2F2U2R'F2UF2,R2,F',U2,R,U,F,U2,R2
F'UR'F'R2FR2U'FR'U,F2,U,F',R,F',R,U,R'
U'F2U2R2U'R2FUF'U'R,R,F',U',R,F2,U2,R2,U'
UFRF2R'U'R2F2U2R'F,F',R,U2,F2,R,F',R2,F
RFRFU2F'U2R'F'RF',F,R',F',R,F,U,F',R2
U2RU2F'U2F2RF'U'F'U',F,R,U2,F,U2,F,R2,F
U2R2F'R'URUF2U'R'F2,F',R,F2,R',U',F,R2,U2
UF'RU2F'U2R'U'F2R'U,U2,F',U',R,F',R2,F,U'
U2F'R2UF2U'F'UF2R2U',F',U,F2,R2,U,R',U,F'
U'R2U'R'U'F2R'F2UR2F',U2,R',U2,F,R',U,R2,U
FRU'F2R2F'R'FU2R2U2,F2,U',R,U',F,U',F,R2
F'RFRU'FRU'FRU2,U',R',U',F2,R',U2,F',R'
FU2R2U'FR'F2R2U'R'U2,R2,U,F',U2,R',U,F,U
R2U2R'F'UR2F'U2R2F2R,F2,U,F',R,U,R',F',R
RFU'FR'F2U2R'U'R'U2,U,F',R2,U',F2,U,R',F'
F'R2U'RUF2R'FUR'U',F2,R2,U,F',U,R2,U,R'
R2F2RF'R'F'U2FUR'U',R,F',U,R',U,F2,R',F2
F2U'F'U2R2U'RU'R2F2U2,R',U2,F2,R,F',U,R2,U'
UF'U2F2U2F2RF'RU2R',R,U2,R',F,R',U2,F',U'
R2F'RFU2F2RU'R2U'R,R,F2,U2,F',R',F2,R,F
RU'R'UFU2FU2F2RF,U,F2,U',R2,U',F',R2,F2
U2F2U2F'RFR'FUFU',F,U,F',R,F2,R2,U,F'
URU'FU2RUF2U'R'F,U',F,R,F2,U',F',R,U'
R2U2FR'U'F2RU'R2F2R2,U',R2,F,U,R,F2,U',R2
R2F'U2RU2F2RFR'U'R2,F',R',F,U',R',U2,F,R2
UFU2R2FR'U'F'R2UF,U,F',U,R,F',R,U',R
FR'FU2F'U2R2U2R2UR,R',U,R2,F,U2,F',R,F'
F2U'R'F2U'FU2FU2R2U',F2,R,F',U2,R2,F,U,F2
R'U'F'U2R'U2RU'F2U2F,F,U2,F',U,R2,F,R2,F'
F'U'R'FR'F2URU2F2R2,F',R,U2,R',F2,U,F2,U'
U'F'U2RFUF'URU2F,F2,U,F',U2,R',U',R2,F
R'U'RF2RU2F'R'U2R2U,U',F2,U,R,U2,R2,F,U'
RURFU'FRF'R'FU,F2,U',F',U',R,F',R2,F2
RUFRF'R'FU2R2FR',F,U,F,R2,U',R,F',U'
U2R2U2FR2U'F2U'RF'U,U',F,R',U,F2,U',R2,F
URF2R2UF2RUF2R2F',F,R',F2,U,F',U,F',U2
F2U'F'U'F'U'F'RF2R2U2,F2,R2,F,U',F',U',R',F2
U2R2UFUR'FUF'RF2,F2,R2,U,R,F2,R,F2,R
F2R2F2R2F'UR2F'U'R'U',U,R,U,F,R2,U',F',R2
FR'U2RUFUF'R'F'U2,U2,F,R,F,R2,U',R',F2
RU2F'U2RFRF'U'F2U,U',F2,R',F,U2,R,U2,R2
RFR'F'U2FU2F2UR'F',U',R,F2,R2,F,U2,F,U2
FURF2R2UF2U2RF2U2,U,R2,F,U2,F',U2,R,U
FU'F'UR2F'U2R2F'R'F2,F,U',F',U,F,R2,F,R
U2F2UF'R'U2F'U2R'U2R',U2,F',R',F2,U,F,U,F'
R'FR2U2FRF'UF2U2R2,F2,U',F,U',F2,U',R2,U2
UFUFRF'U2F'R2U'R2,R2,U,R,U',R',F,R2,U'
F2R2U2FU'F2U'F2RF'R,F',R',U',F,R2,F,R',U2
U'FU'R2F2UR2F2U2FU2,R2,U,F',U,F2,U',F,U2
U'RU2RF2U2R2U'R2U'R2,R',F',U2,F',R2,F2,U,F'
R2U'RU2R'U'FR2URF',U,R',F,U,R2,U,F2,U
F2RF2U'F2UFU2F2U2F2,U2,F,U',F2,U,F2,R',F2
R'U'FRF2U2F2U'R2U'F2,R',U2,R,U2,R',U,F',R
F2UFRU2F'U'F'UR2U,U,F2,U',F,U,R',U,R2
F'URFR'UFR'F2R'F',R',F,R,U,F,U',F,U'
U2R2F'U2RF2R'F'U'FR,F,R',U',R2,F,R2,F2,U
R2F2U'R2F2UF'UFR2F2,F2,R',F,U2,R',U,F2,R
F'UF'U2FU2R2FURF,U',F2,U',F,U2,F',R2,U2
R'U'R2FR'F'R2UR'U2F2,F',R,F',U',F,R',F',R2
UF2U'RFRFR'U'F'U,R2,F,U,F2,R',F,R',F'
U'F'R2UR2U'R2U'FR'U,R',F2,R,F2,R,U',R,U
F'U'RF'R2U'F'U'F'R'F2,U',R,U',R2,U',R2,U,F2
U'RUF'U2R'FRU2F'R2,R',U2,F,R,F',U,F2,U'
R'U2R2F'R'FU2R2UF'U2,U',F2,U,F2,U',F,U,R'
FUR'F2RU2R2F'U'R'U2,F',R,F,R',U',F2,R,U'
F2U'F'R'F2R'F'R'FRF2,F',U',F',U2,F',U',R2,F
R'F2U'R2FRU2RU'F2U2,U,F2,R2,U,R,F2,U,R2
UF2R2F'U2F2U2RU2F'U',U,F',U2,R,F,R2,F2,U'
U'FR2U2R'F'U'FUR'U',R,F,U2,F,R,F',R,U'
RU'R'FURU'RURF,U',F2,U',F,R,U,R,U'
R'U2F'U2R'FU'FUR'F,F',R,U',R,U,F,R2,U
U2R2F2U2R'U2F2RFUR',U',F',U2,F,R,F',U2,R2
R'U2F'R'UR2FR2U2R'U2,U,F',R',F',U,R',U,R
RU2F'R'U'FR2F'R2UF2,U2,R2,U',F',R,U',R,F2
URUR2U'R2FRFR2F,U,R,U',R,F2,R',U2,R
U2F'R'F'U2F2UR2FU'R2,U',R,U2,R,F',R',F2,R
F2UR'U'FU2F2U'FR2U2,U2,R',F,U',R,F',U',F2
F2RF'U'RF2URFU'R2,F,R2,F,R,F2,R,F,U'
R2F2UR'FU'RUR2FU,U,F',U2,F',U2,F,U',F
F'R'U'R'FUR2U'R2U'R,U,R,F2,U2,F,U2,F',U'
URUF2U2FR'F'U2R'F2,F,U,F',U2,R',U,R',U'
RF2UR'F'R2F'UF'UF,U,F2,U',F,U,R,U',R
R2F2U'FR'UFU'R2FU,U2,F2,R,F',R2,F,R',U2
URUF2R'F2R2U2F2U2F',F,R2,U2,R',F2,U,R',U'
RFR'FRF2R'U'R2FU',U,F',R,U,F',U',R2,U
RF'R2FR2U'R'U'FU'R',R2,F2,R',F2,U,F,R,U'
R'F'U'R'U'F2U2FR2U2R2,F,U2,R,U',F',U',F',U2
RFR2F'UF'U'R2U2R'F2,F',R,F',R2,U,F',U,F'
UFR2F2R'U'FU2F2R2F2,U2,F2,R2,U',R,U',F,R
R2U2RF2U'RUF2R'U2F,R',F',U,R2,U',F2,R,U
F'RF'U'RURU2FU2R2,U,R',U',F,R2,F,R2,U
F2RF'RF2R'F2UF2R2F2,U,F2,R',F2,R',F,R',F2
FU'F'U2F2U2RF'UF'R,R2,U',F',R,U',R,F2,U
UF2R'U'F'UFU2RFR2,R,F',U2,R',U,R,F2,U'
F2RUF'U'F'R'URU2F',F,U2,F,R',F',U',R,F'
R2F2RF2R'U2F2U2FU'F',U2,R',U',F,U',R',F2,R2
U'R2FRF'R2F2UR2F2U2,U2,R2,U,F',R',F',R2,U
R2U'R'F2R'F'U'R'F2UR',F',U,F2,U',F2,U',R,U'
R2FU2R2U2F'RU2FRF,U,F,U,F,R,U,R2,U2
F'RU'R2FRU'R'URU',F',R2,U',F,R',U2,R',F
RU'FU'R'F'R'F2RF2U',F,U',R,F',U2,F,R,U'
F2R2URF2R'FR2F2UR',R,F2,R2,F,R2,F,R',F2
U2F2U'R2FU'RU'R2FR',F2,R2,U',R,U2,F2,U',R2
RUF2UFR'FU'RFU2,U2,F,R2,F2,R,F',U,F'
U'R2F'RU'RU2F2R'U2F',R2,U,R',F,R',U2,R',F2
RUF'RUFRF'U'R2U',R',U',F,U,F,R2,U2,R'
FR2FUR2UF'UR'F'U',F2,R2,F',U2,F2,R',U',F2
R2FU2FUF2UF'U2RU2,R',U2,R,U,R',F,U',R2
U2F2R2UR'F2R2F2U'RU2,F,U,F',R,U2,F2,R',F
R2FU'RFUR2U2FR'F',R2,F',U,F',R,U',R',U2
F2RF'R'FU2F'R'UF'U2,U',R,U2,R,F',U2,R,F
UR'UF'R'FUFUF2U',U,F',R,F,R2,U',R',U2
U2F'R'U'R'U'FU'R2U'F,R',U,R2,F,R2,F,R2,F
FU2FR'U'R'U2R2F2U'R,R,U2,F2,R',U,R,F',U2
R'UF'U'FRF'R2U2R2F,U2,R',F2,R',U2,F',R2,F'
U'F2UR2FU2R'FR'U2F2,U2,R',F2,R',U,F,U,R'
F'U2F2U2R2U'RUF'U2F',F',U2,F,R',F',U,R2,F
RU'R'UF'U'R'F2RFU',U,R',U',R2,U,R2,U,R'
F2U2F2UF'UFR2U'R'U',R,U,F',U',R,F',R2,U
RF'UFR'F'U'R2FU2R2,F',U2,F,U2,F2,R2,U',F
UR'F2U'R'F'U2F'RF2R',U',F',U2,R',F,U,R2,U
F'UR2F2R'F'UR2UFR,F2,R2,U,F',U',R,U',R
F2U'RF2U2F2R'UF2R2U',U,F2,U',F2,U2,R2,U',F2
U2R2F2U2R2UF'R2FU2R,R',U2,F',R2,F,U,F2,R2
R2U'R2F'RU2FU'R2UR2,R,U,F2,U,R',F,U,R2
R'U2R'URF'U'R'F'R'F2,F,U2,R',F2,R',F2,R,F
F'R'U2R2F'U2R2F'U2F'U,U,R',U2,F2,R',F',U,R'
R'UF2U2FR2U'R'UR'U',F',R',F2,U',R',F2,U,R
UR2FUF'URF2UFR,F2,R2,U,F,R2,U',F',R
U'R2U2F'UFUF'RU2R2,U2,R,U2,F',R2,U,R,U
F'RF'U'R'U'FRF'U'R2,R,U2,F',R2,F',R',F',U'
F2UR2U2F'R2U2FU'FR2,R2,F',U,F',R2,F',U,F2
R'U'RF2RF2U'F2U'RF',F2,U',F2,R2,U',F,R',U2
R'F'U'R'F2U2F'R'U'RF2,R,U',R',F',R2,U2,R',U
R2UR2UR2U'F'U'FR'U2,U,R',U',F,R2,F',U,R'
F2URFRF2RUR'U2R,R',U,F2,R',F2,R',U',F'
U'FU'FR'U'R2F'R'U2R,R',U2,F,R',U,R,F2,U2
U2F'R2UR2FUR'URU,U',R',F,R,U',F2,R',F2
F2U2F'RUR2FU2F2R2F2,U,R2,F2,R,F',R2,U,F2
F'R'UF'U'FRF'U'F2U2,U2,F,U',F,R',U2,F2,U'
U'R2U2R2F'R'U2FURF2,F',U,R,F',U2,F,R,U2
R2FUR2U'F2R2FR'F'R,U2,F2,U',R2,F',R',U2,F2
R'U2F'RFRUF'U'R2F,F2,U,F,R2,U,R2,U,R
U'R2F'RU2FRU2R2U'F,U',F,U2,F,U',R,F,R'
RURU2FU'FU2F'U2R2,F',R2,U',R,U2,F,U2,F'
RF'RF'U'F2UR2F2UF',F,R,F,R',U',F,U',R
F2U2RU2R2U'F2R'F'UR',R2,F',R,U',R',F',U2,F'
R'FRUFUF'R'FU2F,U',F,U,F',U2,F2,R,U'
R'UR2FR'U'F2R2F'RU,U',F',R',F2,U',F,R2,U'
U2R2F2UF'R'U2FRU'R,U',F',U',R2,F,U,R,F'
F'U2F2R'F'R2U2F2URF2,F2,R,U2,F',U,F2,U2,R2
U'FRF'RFR'UR2FR',F,U,F,R2,F2,R',F',U
R2F2R'F2R2FRU2FR2F',R2,F,U,F2,U',F2,U',R
R'U2FR'F2R'FUF'R2F2,U,R,U',F,U2,R',U,F'
R2F2R'F'R2F'UF2R'F'R',R',F2,R,U2,F',U,F2,U'
R2F2UF2RF'U'F'R2U'F',F,U,F,R,U,R,U,F2
F'R'U2R'U'F'U2F2U'R2F',U,F,R2,F',U',R,F2,U2
UF2R2U2F2U2FUFU'F2,F,U',R2,U,F,R',F,U
UF'R2F2RUFRF'RF',F,R',F,U',F,U',R',U2
U'F'U'F2U2F2U2RF2RU',U,F2,U,R2,F',R,U,F'
FUR2F2R'U'FU'R2UR2,U2,F,R2,F,R,U2,F,R'
FR2F2U'R2URFU'R2U2,F2,U2,R2,U,R',F,R2,F'
F'U2RF'RFRUR2U2R2,R2,U2,R',U,R2,U,R2,F2
UR2U'RF'R'U2F'R2F2U,R,F2,R,F,U2,F',R2,U
F2U'R'FRU'F'R2UR2U2,R',F,R',F',U2,F,U2,F2
U2F2RFUR'UF'U2F2R2,F,R2,F',U,R',U,R2,F'
RU'F'R'U2RU2R2U'FU',R,U2,F,R2,F,U',R',U'
FR2UF'RU2FR2F2R2F2,R2,F,U2,R',F,U',R2,F'
RF2U'F2U2RU2R2U2F'R2,F2,U,R,U2,F2,R2,F',R
F2R2F2R'UR2UFUR'F2,F,U,R',F',R',F,U',R
U'F2U'F'URU'RF'UF,F,R,U2,F',R2,F2,R',U2
F2U'R'U2F2RF'UFR'F,R',F',R2,U',F,R2,F,U'
FU2R2F2U2FRU'R2F'U2,R',F',R,F2,R,F2,U',R2
F'R'F2R2U'F'R'U'FU2F2,U2,F',R,U2,R',F',R2,U'
F'UF'R2U2RF'R'F'RF',R,F2,R,U',F,U',R,U'
F2U2RU'F'U'FU2FRF,R',U2,F,R,U2,R,F',R
F'U2RFU2R'FUF2U2R2,U,R,U',F',R,F2,R,F2
F2U2F'UR'F'R2URU'R,U',F,R',F2,U,R2,U,F'
U2RUFUF'R2U2F2U'F2,F2,R2,F,U2,R',F2,R',U'
R2F'R2F'U2F2UR'F'R'U2,F,R2,F',U2,F,U',R2,F2
UF'U2FR2F2R'F'RF2U2,F',U,F2,U',R2,F',U,F'
RUFR'U'R'UF'U'RU,U',R2,U,F,R',F,R,U'
U'R'F2U2R2F2U2R2FUF,F',U',F',U2,R2,F2,R',U
RF2R'U'R'U2R'U2F'R'F,R,U,R2,F',U2,R',F,R'
U'R'F2U2F'U'F'R'U'FR2,R',F,R,U2,F',U',R',U2
F'R'FUR2U'RF2UR2F2,F',U',F2,R,F',R2,U',R2
F2URU2F2UFR2U'RF',R2,F,R',U2,F,R,F2,U
RFR'F'RFR'F2U2R2U',F2,U,F',U2,F',U,R2,U2
UR2U'F'U'F2URURU,R,U2,F,R,U2,R,U,R2
R2U'F2RU2FR2F2U'FU,R,F,R',F,U',F2,U2,R'
FR2U2F'R'FRU2R2F'R2,U',F,U',F,U,F2,U,R2
UFUFUFR2FR'U'F2,F,U,R2,U',R,U',F',U
FUFR'U'R'URF2R'U',U,F2,U',F',R,U,R,U2
RFU'FU'R'F'RF'U'F',F2,R,F,U2,R',F',R2,F
FU2FR'UR'F'RF'R2F',U,R',F,R2,F',U,F,U'
RFU'R2FUF'U2FU'R2,U,R,F2,U',F,U,R,U2
U2R'U'F'UR'F2U2F2RU2,F,U2,R',U2,F,R',F',U
R2F'U2FUR2UR'U'R'U,U',F2,U',F,U,F2,R',U'
U'RF2R2U2F'U'F2RU2F,F,R',F,U,R,F',U2,R2
U2RUFR2F'U'F2U'R'F2,F',U2,F',R,U,F2,R',U2
UR2U'F'U2F'RU'R'U'R',U2,F',R',F',R,F',U',R
UR2U'R2UFU2R2F2R2U2,F2,R2,F,U',R2,U,R2,U'
F2R2U2FU2R2F'R'UR'F,U2,F',R,U',R,F,U2,F'
RFU2F'R2U2R2FR'FR,R',F',R,F2,U2,R2,F',R'
FR2F2U'RU2R2UFR2U2,R2,F,R',F2,R2,F',U',F
R2UR2F2R'U'RU2F2U2R',R2,U2,F2,U',R',U,R2,F2
R2F2URF2R2F2UF2U2F,U2,F',U2,F',U,F',U,F
U'F2R2F2RU'F'R'F'R2F',F,R2,U',F,R,F',R2,F2
R'F'R2U'FU'FU2R'F'R',U2,F2,R,U',R2,U',R,U
F'U'R2F2U'R'FRU2RF2,F,R,F',R,F',R,U2,F'
F'U'RU2F'UR2FU'F'U',U,R',U,F,R2,F,U',F
UR2FR2F2U'F'U2F2U2R',R',U,F,R2,F2,U2,R',U
U2F'R'FRU2F'U2RF2R2,R2,U2,F2,R,U2,R,U',R'
FRU'R2F'U2F2U2FU'F,F2,U',F2,R',U,F2,U,R
F'URU'F'U'FRU2R2U2,U,F',R,F,U',R,U,R'
RU2F2UF2U'F'U'R2FR',U,R,U2,F',R',U',R2,F2
R'URU'RF2R2F'U2RU',U2,R2,F,R',F2,R2,U',R'
FRU2R'F'RFR2UFR2,R,U',F,U',F',U',R,U'
F2RU'R'F2R'U2F2U2RF',F,R2,F,R',F,R,U2,F'
RU'F2U2F'R2F2RFU2F2,F,R2,F',R2,F',U2,F,R'
U'FURF2RU'R2UF2U',F',R',U2,R',F,R2,F',U'
FUFRUR2F2R'UFU,R,F',U,F,R',U2,F',R
UR2U2RU2R2UFU'RF,U2,F',U',R',F,U',F2,U2
F'R'F'UR'UF2RUF'U2,U2,F,U',F2,U,F',R2,U'
UR2FU2R'F2R'F'R'F'R,F',R,F,U',R',U',R',F'
U'F'RFR2U2F2R2U2F'R,F2,R,F',R2,F,R2,U',R2
RF'R'U2F2U2R'URF'R,R',F,R',U',F2,U2,F',R'
UF'RFR2UR2F'R2FU',U,F,R2,F,R',F',R',U2
F2U'FR2F2R'U'F'U'F2U2,U,F2,R2,F',R',U,F2,U2
F2R2UF2U'R'F'R'U2F'U,F,U2,R,U2,R',U,R2,F'
UF2R2U2FU2R2F2U2R'U',U,R,F2,U2,F',U2,F2,U'
RF2UR2U2R'F2R'F'UR,U,F,R',U2,R',U',R,F
UR'U'F'RF2U2F'UFU,F,U2,F,U',R,F',U2,F2
F2R'F'R2U2R'U'R2UF'U',F,R2,U,R',U2,R2,U',F'
U'R2URU2F2R'F2R'U2R,U,F,R',F2,R',F,U2,F
R2F2U'FR'U'F2UFU'F2,U,R2,F,U2,R',F,U2,R'
RF'R2U2F'R2F2RFRU',F2,R2,F',R2,F',U,R2,U2
UR'U'F2U2RU2FU2FR2,U,R',U,R2,F,R2,F',U
FURU'R2F'U2FRUR',R',F,U2,R,U',R',U2,F2
U'RU'RU2R2U2RF2R2F2,R2,F2,R',U2,R,U,R',U
UR2F2RUR2F2U'RF2U2,U',F,R',U,R2,U,F,U
FUR2U'R'U2RF'R'U'R,U',F',R,U,R2,U,R,U
R2F2U'FU'R2F'R2F'U2R,F',U,R',U2,R',U2,R,F
R'U2R2U'RU2RU'RU'F2,U2,F,R,U2,F2,R',U,R
U'F2R'FR'FR'F'RFR',R',U2,F2,U,R',F,U',R
FUR'U2R'UFR'U'RU,R,U,R,U2,F2,R',F,R
UF2RFU2F'U'R'FRU2,U,F',U',F,R',U',R,F
RFU2F2R2FU'R2FR'U2,R2,U,F2,U,F',U',R,F'
U'R'F2U2RU2F2U'FRF2,F,U',F',R2,U2,F',U,R'
RU'R2F'U2R'FRF2R'U',F,R,F2,U,R2,U',R,U
R2F'R'F'U2RF2UR2FR,U,R,U2,R',U2,F',U,R2
R2UR2UR2FRF2UF'R,F2,R,F2,R2,F,U',F,R
U'R'URFUFU'R'F'U2,U',R,F',R',F',U',R,F
UR'U2R2F'R'UFR2U2R2,U2,R',F,U',R,U2,R',U'
R2U2FU2R'U'R'UR2U2R,R,U',R,U,R,F',U2,R2
U2R2U2RU'F2URFU2F',U2,F,R,U,R',F',U',R2
R'UR'F'R'U2F'U'F'RF',F,R',U,F2,R',U2,F',R'
F'UR2FUR'U2RF2R'U',F',U',F',U',R,F',R,F
UF2U'F2U2F2RU2FUR,F,R',F',R2,F,U2,R,U'
FRFUR'U'R2U'RUR,U,R2,U,R',U2,F',R',F'
RFU'R'FR2U2FR'U'R',F,U2,F,R,U2,F',R',F2
U'FU2R2U2R2UFU2R2F,F',R2,U2,F',U,R2,F',U
U'RFU'FU'F2R2F2U2F2,R',F,R,F,U,F2,R,U2
R2U2FR2U2F'UFU2R2U2,F,U2,R2,U,F,R2,F,U2
R'U2R'UFRU'F2R2FR',U2,R,U2,F,U',F',R2,F2
F2R2U2F'R'U'F'U2F2UR',F',U',F2,U',R2,F',R2,F2
F'U'FU'FU'R2F2R'U'R2,F2,U2,F',R',U2,R2,F,U'
F2R2U2R2F'UFU2F2R'U,U',R2,F2,U,F',U,R',U2
R'U2F2U'R'U'F2R2U'F'R,R',U,R2,U2,R',F,R,F2
F2U2F'U2F'RF2RU'F2R2,R',F,U2,R2,F',R',F',R2
R'FRF'R'F2R'U'R'UF,U2,R,F',U,R',F',U2,R
FR2F2U'R'U2F'RF2U2F,F',R2,U,F,R2,U',R2,U2
F'R2U'F'R'FU'RUR2F2,F',U,F',U2,R2,F',U,R'
U'R2F2UR'UF'U2RF'R2,F',U',F',R,F',U2,R,F
FRFR'FR'FU2F2R2U',U,R',U',F2,U2,F',R2,F2
F'U2F2UR2FRF2U'F'U2,U,F',U,R',U2,R,U2,F
R2URU2R2F'URUFU,R',F',U2,R',U',R2,U,R'
FUF2R'U'F'U'RU2R'U,U',R2,F,R,U,R',U',F'
FU2R'U'RU'F2R'FUR,R2,U2,F',R,F',R',F2,U
UFU'R'URF2U2F2R2U,U',R',U2,F,R',F,U,R
F'U'R'U2FUF'R'U'RU2,R,U,F,U',F,U',R',U2
UR'U2RU2R2U2F2R'U'F2,R2,U,F,U2,R',U,F,R2
U'F'R'U2F2U2RFUFR2,U,F,R',F,R2,U',F',U
R2UR2F'R2FU'F'R'F'U',R',U2,R,U',F,R,F,R2
RU'F'UR2F'RU'FR'U,F,R,F2,U,R',U',R,U2
F2U2FRUF2U'R2F'U'F',F,R',F',U2,F,R2,U',F2
RF2R2FU2R2URFUF2,U',R',F',U,F',R2,F2,R'
R2UF2R2F'R2U'F'R'UF,R',F',U',R,U',R,U2,F
R'U'F'R'UR'U2R'U'F'R',R',U',R2,F2,U',R,U,F
RF2UFR2UFRF'R2F2,F2,U',R2,F,U,F,U',R2
RF2U2F'RU2R'F'U'F'R,F,U2,F,U',R,U,F,R2
U'R'U2R'F2R'F2U2RUF2,F2,U,F2,R',F2,R',F2,U
F'UR2F'U'F'R2U2R'F'R,F,R',F2,R',F2,R',U,F
UR'UR'F2R2UR2U'F'R,F2,R,F2,R,U,F,U2,F2
RU'R2FU'R2F'RUR2U2,U,F,R2,U,R',U,F',R'
F'R2UR'FR2U2RF'RU',F2,R,F',U2,R,U,F,R'
RF'U'F'R'F'U2F2R'F2U,U2,R,F',R2,F,R,F',U'
R'F2U2R2F'R2FRFU'F',F2,R2,U,F',R,F,R,U2
R2F2RURU'R2U'R2U'R,R',F',R,U',R,U2,F',U
U2FUF2R'U2R2U2FR2U',U',R2,F,R,F2,U',F',U2
U2R2F2R2FR2F2RF2U'R',R,U',R2,F',U2,F2,U',R2
F'RF2U2R2UF2R2FR'F',U',F,U',R,F',U,R,U
F'U2F'U'R'FU'RF'R2U',F2,R2,F,R',F2,R,F2,R2
U'R'F'U2R2F'R'U'R'U'F2,F2,R',F,R,F2,U',R',U
RF2R2UF2R2UF'URU',U,R',U',F,U',F2,U,R
R'FR'F2R2U'RU2F'RU,U',R,U',R2,U',R,F,R2
R'U'R2U'RURU2F'U'R2,F',R2,F,R2,F',U2,F,R2
RUF'UR2F'U'RF'R2F2,F,R,U',R2,U',F,R,F2
R2F'RF2UF'RF2RU'F',U',F2,U,F',R,U,R',F2
U'R2U2R'F2U2RFR'F'U',F,R2,U,R,U2,F,R2,U'
UR2FU'F'U2FU'F'UR',U',F,U2,F,R',F,U',R'
RFUR2U2R'F'UF'U2F',F,U2,F,U2,R',F,U',F
F'R'F2U'FR2UF'UR'U',U,F2,R',F,R2,F,U',F2
R2U'F2RU2F2R2FU2F'R2,U',F',R,U,R,F,R',F
R'U'FU'FR'F'UFU2F,F2,U,F',U2,F,R2,F2,U'
R'F'R2F'R'F'U'RFRU2,U',R,F',U',F,R2,F,R
R2F'U'R'F2UFRUF2U2,U2,F',U,R,U',R',U,R
RFR'URU'RUFR2F2,U',R',F',U,F',U',F,U2
R'FUR2F'U2R'U2RU2R,F',R2,U,F',U2,F',U2,R'
RURU2F2RF'U'F2R'U,R2,F,U',F2,U,F',U,R
U'FURFUF'UR'UR2,R',F,U,F',U,R',F',U
U'RFR'U2FR2F'UR2F,R',F',R2,U,R',F',R',F2
F2RU2FR'U'F2R'F2RU,F',U',R',F,R',F',R2,U
R2F'R'U2R'U2F2R'F'U2R,F2,R',F,R2,F,U,R2,F2
F2U'F2R'FUR2F2R'F2R2,U',F2,R',F,R2,F2,U,F'
F'R2F2R'FRF2UR'F'R2,U',F2,U',R',F,U,R,F'
R'FRUR2U2FU'F2U2F2,U2,R,F2,U,R,F2,U',R2
F'RU'F2R2F'R'F2RFU2,U,F',U,R',F2,R',F',R'
U2F2U'F2UF'R'F2U2F2R',F2,U',F,U2,F',U',F,U2
R2U2F2R'U2R2F'RUR2F,U,R',F,U2,R,F2,R2,F'
R'FU'R'UF2U2R'U2FU2,U2,F2,R,U',F2,U,F,U'
R'UR2U2R'U'R2F'R2FU2,F',R',U2,R,U2,R,U,R'
FR2F2R'UF'R2F'U'F'U2,U2,R',U,R2,U,F',R2,F
RF2R'FR'FR'U2R'U'F,F2,R,F,U',R2,F,R,F2
F2R'F'U2R'F'RU'RF'R2,R2,F2,U2,R,U,F',U,F2
U2F'UF2U2F2U'RFU'F2,F,U2,F,U',F,R,F2,R'
UF2URFU'F'U2R2UF',R',F,U',R2,U',R',F,U2
R'F2U2R2FUR2F2U2F'R,R,F2,U',F2,U2,R,U',R'
R2F2U'R2U2R2U'FRUR',U,R',U,F2,R',U',F',U2
U2RFUFR'U'R'F2RF',F',U,F,U',F2,R',U',R'
F2U'FUR2UR2F2UF2U,F,R2,F,U',F2,R,F,R'
F'R'U'RF2R'FU2F2R'F',F,R,F2,U',R,U',F2,U
F2U2R'U'R2U2FRF'R'U2,F',U',F2,R2,U,R,U',F
U'R'FU'F'R'FRFRF',F2,U,R2,U2,R',U',F',U
R'F2R2UF'RU2FU'FU2,U,F',R,F2,R,U,F',R
R'FR2FR'U'R'U2R'FR2,F,U2,F,U',R',F,R2,U'
FR'U2F2U2FUFU'RU',F,U',F',R2,F2,R',U',R'
U2RF'U2F'UF'U2F2U'R',U,R2,U,R',U2,F2,R,U
F2UR'U'R2U'F'U2F2U2F,F',R',U,R,U2,R,F',R2
R2F'U2R'F2UF'R'FR'U',R,U,R2,F2,U,R',U2,R2
F'U2R'F2U'R'U'F2R2U'F,F,R',F',U',R,U2,F,R
R2FRF2RF2U2R2U'F'U2,R',F,R',U,R',U,R,F2
RFU2F'U'F'R2U'F'R2F',U',R2,F',U',R2,U',F',R
UF2RFR2UFU'R'FR,F2,R2,F',U,F',U',F2,U'
U'F2U'F'UR'F2RUF'R,U,R',U2,F',U,F2,U,F2
F2R2F2UR'FRU'FR2F2,R',U,R,F2,R,F,R',F2
U2FU2FR'F2R'U2R'FR,F',R,F,U2,R',U,R',F'
R'U'F'U'FR'U'R2U'F'R,R2,F',U,R',F',U2,F',R
R'F'U2F2R2F'R'U2R2UF2,R',F,U',R',F2,U,F',U
URU'RFUR2UF'U'F,R2,U,R,F2,R,U2,F,U2
UF'UFU2FR2U'F2R2U2,F2,U,R',U,F',U,R2,F
U2F'R'U'FRU2F'U'F2U',F,R2,U',F,R',U2,F,U'
R2F2URUR2F2R2U'R'U,F',U,R',U2,R2,U',F',U'
F2U'F2UF'URU'R2F'R',U',F2,U,R2,U,F',U2,F2
RU'F2R'UF2R2U'R2F2R',R',U',R2,U',R,F2,U,R'
U2RFURU2F2UF2U'F',U',R,F,U,R2,F,R',U'
FU'RF'URF2UF'R'U',F',U',R2,U,F',R2,U,F'
U2FR'UF2RUR'FU2R,R2,U2,F,U,R2,U,F',R2
R'U2F'U'R'UFR2URU2,U',R,U',F,U2,F2,U',F'
U2R'U2F2U2F'U'R'FUR,R',U,F',R,U,F,R',F2
R'FU2R'F'R2F'U2R2UR',R',F',U,R2,U,F2,U2,R'
U'R'U2RFR2FUFUF',F,U',F2,R2,F,R',U',F2
F2R'U2F'R'F'R2U2RU2F2,U',F,U2,R',U,F',R2,F2
UF'UF'U'FR'U2F2U2R2,U2,F',R,F',R',U,F,U'
R'FU'R'UFR2U'R'F2U',F,U,F,R,U,R2,F',R
FR'F'U2R'URF'U'F'U,F,U,F,R',U,R,U,F'
U2R'U2F2U2RU'R2F'U'R',R,U,F,R2,U,R2,U2,F2
F2RU'RU2RF2RF'U'R2,F,U,F2,U,R',F,U2,F2
R'UR'U'R2UR2FU2R'F',F,R',F,U2,R2,F,R,F'
U'R'U'R'FURF'UR2U,U',R2,F2,R,U2,R',U2,F'
U'R2UFU2RFUFRU,U',R2,F',U',F,R',U',F'
R2U2RU2R2UR'U'R'U'F',F,U2,R',U,R,U',R2,U2
U2FRF'R2UF'UFR'U,R2,U,R2,F',U',F,U2,R'
RF2U'F'R2F'RU2RF'U,U2,R2,U',R2,U2,R',U',R'
U2F'RFRF'U2RF'U2F,U,F2,R',F',U,R',U2,F
F2R2F'U2F2R2F2U'F'U2F2,R',F',U,R',U',F,R2,F'
FUFRFUR'F'U2R'U,U',F2,U',R',F',R,F2,U
R2U2R'F2RF2U'FRF'R',R2,U2,R,F',R2,U,F,U'
U'RU2RU'R2U2FR2F2R,R2,U',R,U',R,F',U',F2
R2U'R2U'R'U'R2URFU2,U2,F',U,R,U2,R,U,R2
F'R2U2F2RU2R2UF2R'U',U,R,U2,R2,F2,R,F2,R2
F2U'F'RF2UR2U2F2R2F',U2,R,F,U,R',F',U,F'
FRFUR'U2FR'FR2F2,U2,F,U',R,U2,R,F,R'
R2U2F'U'F2UF2R2U'F2R2,F,U',R,U,R2,U2,F,U'
U'FR2U'F2U'F'R'F2R'F,U,F2,U,F2,R',F2,R2,F'
U'R'F'U'R'F2RUR2F'U',U,F,R2,U',F,U,R,U'
RF2R'UR'F'U2F'UFR,U2,R2,U',F,U2,R',F,R
U2R2U2R2U'F'R2F'RFU',U,F',R',F,R2,F,U',R2
RF'R'FRFU2FRFU',F',U2,R',U',F2,R,U2,R2
FR2F2UR2UR2F2U2F'R,R,U2,R2,U,F,U2,F',U'
R'F2U2F'RF2R2UF2UR2,F2,R2,U,F',R',F,U',F2
R2F2R'FU'R'U'R'FU'R',R',U',R',U',F2,R,U',F'
UR2FUFU'FURU'F2,U',R,U',R',U2,R',U2,R2
URUR2U2F'UFUF'R,R2,F2,U2,F',R,F,U',R
U2F2U'R'U'FR'UR'FR,U,R,F2,R',F,U2,F,U2
U'F'UR'U'RU2F2U'FU,F2,R,F',U,F2,U,R2,F'
R2F2U2FRUR2F'R'F2R,R,U,F2,R',F',U',R2,F'
UR'UFR'F2U2R2FU2R,R',F,U2,F,R',U2,F2,R
R'U2F'UF2UR'F2R'U'F',R,U',R2,U',F',U2,F,R'
U'F'U2F2U'FU'F'UFR',U2,F',U,R2,F',U',R',U2
R2UR2FU'F'U2R'F'U'F,R,U2,R',U,R',U',R2,F
F'R2UR2FUR'F2R2F2R,U',R',F',R,U',F',U2,F2
R'U2F'R'F'U2F2U2R'U2R',R,F',U2,R,F,R,F',U2
R2UFU2F'U2F2R'U2R'U',R,U,F2,U2,R',F',U,R
F2R'F'U'F2R'U2R2U2FU',U,R2,U,F2,R',F',U,F
F'UR2URU2F'U'R'U2R',U',R,U',F2,R',F,R',U2
RFR2FU2RF2UR2F'R,U',R,F2,U',F',U2,R2,U'
FU2F2U'R'F2URUR2U',F2,R2,U',R,F',R,F',R2
R'FU'F'U'F2RU2F'RU,F',U,F',R2,F,R2,U2,F
RF2R'F2U'RF2RU2F'R',R2,F,R',U2,R',U,R2,U'
UR'FUR'U'R2F2R'F'R2,R,F,U',R,F',U',F',U'
F'RF'U'F2U'F2U'RF'R',F2,U',R',F,R',F,U2,F2
F'R2FRFU'FRF'R2U2,U',F,R,U,R,F2,U2,R'
R'U'FUFU2F2R'U2R2U,R,F',R',F,U',R2,F2,U2
U2F2R'U'FRF2RU2F2U,U,R,U2,F2,U',R,F',U
FRU2RFR2U'F2RU'R2,F',R,F',U2,R,U',R,U
R'F'R2UF'U'F'R'F'R'F,R2,U',R2,U,R',F2,R',F2
FRF2UFU'RF2U2F'U2,U2,F,U',R2,F2,R,U,F'
R'U2F2R'F'R'U2F2UF'U,U,F,R2,F,R2,U',F,R2
U2RU'F'R'U'F2UFU2R,F2,U,F,R2,U,R2,U2,F
F'R2UF2UFRU2R'F'U,F,U2,R,F2,U',R,U2,F2
FRU'F2U2R2FU2R'F2U2,U',R2,U',F2,R,F',R',F2
R'U2R'U'RF'U'R2F2UF,R',U',F,R,F',U,F',U'
FRUR2U'F2U'R2URU,U',F,U,F2,R2,U',R',U'
F'R2U2RF'RF2R2FR2F2,R',F2,R',F',U2,R2,U',F'
RF'RU'R2F'R2U2F2U2R2,U',R,U',R,F2,R2,F',U2
FUF'R'U2RFRU2R'F',R',U',F2,U',R,F,U',F'
F2R2UR'F'U2R'F2R2U'F2,F,U,F,R2,U',R,F2,U2
U'RUF'R'F2RUR'FR,F,U2,F',U',F,U2,R',U
F2R2UFU2R'FRU2F'U,R,F',R,F,U2,R2,U',F2
U'F2U'FR'U'RUFUF,F2,R,U',R2,U2,F2,U',F
F'R2FU2F'U2FUF'U2R',R,U',F,U2,F',R',U,R'
F'U2FRU'RU'F'R2U'R2,F2,U',F',R,U',R,U',R2
F'R'F2R2F2U2R2F'U'R2U2,U2,R2,U',R2,U2,F,R',F
FURU'RU2R2U'F'RF2,F',R',U',R2,U2,F2,U',F2
UF2R2F2U'F'R2F2R2U'F,F,R2,F2,U',F',R2,F2,U2
RU2FR2U2RU2F2U2F'R,R',F,R',F2,U2,F',U2,R
R2F2R'U'R'FRFR2U'R',U2,R2,F',U,R2,F',R',F2
R2F'UR2FU2F2R'UFR,U,F2,U,R2,U,R2,F,R
U2F'URURFR'U2R2F,F',U,F2,R',U2,R,U',R'
F2U2FU'R2U2R'U2R2F2R',U',R,F',R2,U,R2,U',R'
FRFR'FU'F'R'F2R2U',R,F,U',R',U,F2,U2,R2
RFUFU2R'U2F'UR'F,U,F,R,F,R',F2,R',U
R'F'RU2R'U'F2R'URF,U,F2,U2,R,U',R',F',U2
UF2R2F2UF'RFR2FR2,U,R2,F,R',F,U,R',F2
U2F2U'RUFRF'R'F'U',U2,F,R,F,R2,F,U2,R
U2FU2R'U'F'U2RU2F2R2,U',R',U',F,R2,F,U,F
RU2R2FRUF'UF'RF,U,R',F,R,U2,R,U',F
U2FRF2RF'U2F2U'R'F,U,R',U',R2,F,U2,R',U2
U'R2F2R2U'F'RU2R'U2F',F,U2,R,U2,R',F',R2,F2
RU2RUR'UF2U2FR2F',U2,R2,U,F2,U',F,R2,F2
RU'FRFU2R2UFR2F2,F,R',U2,F,R,U,R',U
R'FU'RFUFU2F2R'U,R2,F,U,F2,R2,F,R2,U2
F'UFR2U'R2F2U2R2UF,F,R',F2,U,F',U',R,F2
R'F2UR'U2RUR'UF'U,R,U',F',U2,R,U,R',U
F'UR'FRF'R2F2R'U'F',U,R,U2,R2,F2,U,R,U'
UFURF'U'R2U2FU2R',U',F2,R2,U,F2,U,F',U2
F'R2F'UF'U'RURF'R2,U',F,R,F2,R,U2,F',U2
F'R2U'R2U'F2R'FR'U'F,F',U,R2,F,R',U',R,U2
F2U2FR'F2U2F'R'FU'F',U,F2,R',F,U2,R2,U',F
U'F2UFU2F2R'F2U'F2U2,U2,R2,F,U,R,U2,F',U
U2RUR'U2F2UF2RF2R2,F2,U',R',F,U',F2,U',F2
F2R'F'UR2U2FUR'U'F,F',R',U,R2,U,F',R2,U'
RF2RF2RU'R2F2R2U2R2,F2,R2,U',R',F2,R',F2,R'
R'U2RU2RU2R'U2FU2R',R',U2,F,R,U2,R,U2,R2
R2U2F2U'F'R'FU2FU'R',R2,F2,R',U',R,U',R2,F
FU'R2U2F'U'R'U'R2U'R',U2,R',F',R2,U2,F',R',F2
F2U2RF'RU2F2UR2F'U2,U,R,U2,R2,U,R',F2,R
FRURFRU2R2FR2F',F,U,F',U',R',U,R,U
F2U'R2F2R2U2R2U2RU'F2,F2,U,R',U2,F2,R2,U',F2
UR'F2RFU'R2U2R'U2R2,R',U2,R,U2,R,U2,F',U2
U2F2U2RFUR2U2FR'F2,F2,R,U2,R,U',F,U',F2
F2U2F'R'UR2U2RU'R'U,U2,R,F',R2,U',F,U,F2
F'R'U2F2U'FU'F2R2U2R2,F2,U,R',F,U2,F2,R,F'
F2U'R'UF'U2RFU'R'U',U',F',U,F,U',R2,U,F
UR2U'R'F2R2F2U2F'UF2,R',U2,R',F,U,R,F',U
F2R'F'U'F2R'FR2U2R'F,F',R,U',F2,R,F',U,F
F'U2R'U'F'U2R'FU'F'U',F',U2,R,U2,R',U,R',U2
RU2FU2R2F'R'FU2RF2,U,R',U,F,U',F',U,R
F2U'FRF2R2UF'U'R'U',F,U2,F,U',F2,U',F',R
U'RUF2R'U2FR2UR'U,U',R',F',U2,R,F2,R',U
UR2U2FUF2R2F2R'F'U',F',R',F,R2,F',U2,R,U'
UF'R2UFR'FR2F'UR',U2,F',U2,R',F2,R',U',R
U'RF'R2FU'FU'F'U'R,U,F2,U',R',U',R2,F,R
R'U2FR'URFU'F2RF2,U,R',U',F',U',F2,U',F2
R'U2RU2FR'U'RF2UR,R,F,R2,U',F',U,F2,R
RUF'R2UF2R2FRF'R',F',U2,F,U',F',R,F2,R'
UR2UR'U'RFR2UFR2,R2,F',R,U',F',U,R2,U'
FUR'UF2U2F2R'F2R'F',R,F,U',F,R',F,U2,F'
UF2U2R'U'FUFR2U'F2,U,R',U,R,U,F',U',F2
R'F'RFU'R2U2R2UR'U2,U2,R,F',R',F',U2,F2,R
F2UFU2F2U2R2U'F2U2F',F',R,U',F2,R2,F',R2,U2
U'FR2U'R2F'RF2RU'F',U2,R,F,U2,R,F2,R2,F'
F2U'R'F'U'R2FR'UR2U2,U2,F,R2,U,F',U2,R',U
R'FRF'RFR2U'FR2U2,U',R',F,U,R2,U2,R',U'
RU2F'R'F2RF'RU2R'U,R',F,U',R,F2,R,F2,U
F2U2R'F2R2F'U'R'FUF,R,F,U',R,U2,F2,R',U2
U'R'U'R'F'RF2R2U'FR',U,R2,U2,F,U,F2,R',F'
R'FU2F2RU'R'F2R'F2R2,F,U',F,R2,F',U2,R,F'
F'U'RF2U'F2R2F2RUR2,R2,U',R',U',F2,R,U,F
U'F'R'F2U'FU'R2F'RF',F,U',R,F,R',F2,R',U
